old_identifier,new_identifier
AI_AGTR3260_Khuay_Bon1,AGTR3260_Khuay_Bon1
AI_AGTR3260_Khuay_Bon1_M,AGTR3260_Khuay_Bon1_M
AI_AGTR3260_Toc_Do_AO,AGTR3260_Toc_Do_AO
AI_AGTR3260_Toc_Do_AO_M,AGTR3260_Toc_Do_AO_M
AI_AGTR3262_Khuay_Bon3,AGTR3262_Khuay_Bon3
AI_AGTR3262_Khuay_Bon3_M,AGTR3262_Khuay_Bon3_M
AI_AGTR3262_Toc_Do_AO,AGTR3262_Toc_Do_AO
AI_AGTR3262_Toc_Do_AO_M,AGTR3262_Toc_Do_AO_M
AI_AGTR3263_Dao_Chieu,AGTR3263_Dao_Chieu
AI_AGTR3263_Dao_Chieu_M,AGTR3263_Dao_Chieu_M
AI_AGTR3263_Khuay_Active,AGTR3263_Khuay_Active
AI_AGTR3263_Khuay_Bon4,AGTR3263_Khuay_Bon4
AI_AGTR3263_Khuay_Bon4_M,AGTR3263_Khuay_Bon4_M
AI_AGTR3263_Should_Run,AGTR3263_Should_Run
AI_AGTR3263_Toc_Do_AO,AGTR3263_Toc_Do_AO
AI_AGTR3263_Toc_Do_AO_M,AGTR3263_Toc_Do_AO_M
AI_Agent_PLC_LADDER_ONLY,Agent_PLC_LADDER_ONLY
AI_BonChua_Chuyen_Bon2_Xong_HMI,BonChua_Chuyen_Bon2_Xong_HMI
AI_BonChua_Loi_Setpoint,BonChua_Loi_Setpoint
AI_BonChua_Me_Hoan_Thanh,BonChua_Me_Hoan_Thanh
AI_BonChua_Nhan_Dich_Xong_HMI,BonChua_Nhan_Dich_Xong_HMI
AI_BonChua_Nhan_Dich_Xong_Nhanh1,BonChua_Nhan_Dich_Xong_Nhanh1
AI_BonChua_Nhan_Dich_Xong_Nhanh2,BonChua_Nhan_Dich_Xong_Nhanh2
AI_BonChua_Owner_Nhanh1,BonChua_Owner_Nhanh1
AI_BonChua_Owner_Nhanh2,BonChua_Owner_Nhanh2
AI_BonChua_SP_Valid,BonChua_SP_Valid
AI_BonChua_State,BonChua_State
AI_BonChua_Step_Chuyen_Bon2,BonChua_Step_Chuyen_Bon2
AI_BonChua_Step_Giai_Nhiet,BonChua_Step_Giai_Nhiet
AI_BonChua_Step_Loc_Chiet,BonChua_Step_Loc_Chiet
AI_BonChua_Step_Nhan_Dich,BonChua_Step_Nhan_Dich
AI_CV3201_Nuoc_Bon1,CV3201_Nuoc_Bon1
AI_CV3201_Nuoc_Bon1_M,CV3201_Nuoc_Bon1_M
AI_CV3206_Hoi_Bon2,CV3206_Hoi_Bon2
AI_CV3206_Hoi_Bon2_M,CV3206_Hoi_Bon2_M
AI_CV3211_Nuoc_Bon3,CV3211_Nuoc_Bon3
AI_CV3211_Nuoc_Bon3_M,CV3211_Nuoc_Bon3_M
AI_CV3216_Hoi_Bon4,CV3216_Hoi_Bon4
AI_CV3216_Hoi_Bon4_M,CV3216_Hoi_Bon4_M
AI_CV3304_Nuoc_Lam_Mat,CV3304_Nuoc_Lam_Mat
AI_CV3304_Nuoc_Lam_Mat_M,CV3304_Nuoc_Lam_Mat_M
AI_CV_Filler_Cap_Dich,CV_Filler_Cap_Dich
AI_CV_Filler_Cap_Dich_M,CV_Filler_Cap_Dich_M
AI_Clock_1Hz,Clock_1Hz
AI_Clock_1Hz_Edge,Clock_1Hz_Edge
AI_Clock_1Hz_Last,Clock_1Hz_Last
AI_Coi_Bao_Dong,Coi_Bao_Dong
AI_Coi_Bao_Dong_M,Coi_Bao_Dong_M
AI_FQ,FQ
AI_FQ3200_Bon1,FQ3200_Bon1
AI_FQ3200_Bon1_Eff,FQ3200_Bon1_Eff
AI_FQ3200_Bon1_HMI,FQ3200_Bon1_HMI
AI_FQ3200_Bon1_Sim_Active,FQ3200_Bon1_Sim_Active
AI_FQ3200_Bon1_Sim_Req,FQ3200_Bon1_Sim_Req
AI_FQ3200_Bon1_Use_HMI,FQ3200_Bon1_Use_HMI
AI_FQ3205_Bon2,FQ3205_Bon2
AI_FQ3205_Bon2_Eff,FQ3205_Bon2_Eff
AI_FQ3205_Bon2_HMI,FQ3205_Bon2_HMI
AI_FQ3205_Bon2_Sim_Active,FQ3205_Bon2_Sim_Active
AI_FQ3205_Bon2_Sim_Req,FQ3205_Bon2_Sim_Req
AI_FQ3205_Bon2_Use_HMI,FQ3205_Bon2_Use_HMI
AI_FQ3210_Bon3,FQ3210_Bon3
AI_FQ3210_Bon3_Eff,FQ3210_Bon3_Eff
AI_FQ3210_Bon3_HMI,FQ3210_Bon3_HMI
AI_FQ3210_Bon3_Sim_Active,FQ3210_Bon3_Sim_Active
AI_FQ3210_Bon3_Sim_Req,FQ3210_Bon3_Sim_Req
AI_FQ3210_Bon3_Use_HMI,FQ3210_Bon3_Use_HMI
AI_FQ3215_Bon4,FQ3215_Bon4
AI_FQ3215_Bon4_Eff,FQ3215_Bon4_Eff
AI_FQ3215_Bon4_HMI,FQ3215_Bon4_HMI
AI_FQ3215_Bon4_Sim_Active,FQ3215_Bon4_Sim_Active
AI_FQ3215_Bon4_Sim_Req,FQ3215_Bon4_Sim_Req
AI_FQ3215_Bon4_Use_HMI,FQ3215_Bon4_Use_HMI
AI_FT3200_Bon1,FT3200_Bon1
AI_FT3200_Bon1_Eff,FT3200_Bon1_Eff
AI_FT3200_Bon1_HMI,FT3200_Bon1_HMI
AI_FT3200_Bon1_Sim_Active,FT3200_Bon1_Sim_Active
AI_FT3200_Bon1_Sim_Req,FT3200_Bon1_Sim_Req
AI_FT3200_Bon1_Use_HMI,FT3200_Bon1_Use_HMI
AI_FT3205_Bon2,FT3205_Bon2
AI_FT3205_Bon2_Eff,FT3205_Bon2_Eff
AI_FT3205_Bon2_HMI,FT3205_Bon2_HMI
AI_FT3205_Bon2_Sim_Active,FT3205_Bon2_Sim_Active
AI_FT3205_Bon2_Sim_Req,FT3205_Bon2_Sim_Req
AI_FT3205_Bon2_Use_HMI,FT3205_Bon2_Use_HMI
AI_FT3210_Bon3,FT3210_Bon3
AI_FT3210_Bon3_Eff,FT3210_Bon3_Eff
AI_FT3210_Bon3_HMI,FT3210_Bon3_HMI
AI_FT3210_Bon3_Sim_Active,FT3210_Bon3_Sim_Active
AI_FT3210_Bon3_Sim_Req,FT3210_Bon3_Sim_Req
AI_FT3210_Bon3_Use_HMI,FT3210_Bon3_Use_HMI
AI_FT3215_Bon4,FT3215_Bon4
AI_FT3215_Bon4_Eff,FT3215_Bon4_Eff
AI_FT3215_Bon4_HMI,FT3215_Bon4_HMI
AI_FT3215_Bon4_Sim_Active,FT3215_Bon4_Sim_Active
AI_FT3215_Bon4_Sim_Req,FT3215_Bon4_Sim_Req
AI_FT3215_Bon4_Use_HMI,FT3215_Bon4_Use_HMI
AI_FT3309_Xa_Thanh_Pham,FT3309_Xa_Thanh_Pham
AI_FT3309_Xa_Thanh_Pham_Eff,FT3309_Xa_Thanh_Pham_Eff
AI_FT3309_Xa_Thanh_Pham_HMI,FT3309_Xa_Thanh_Pham_HMI
AI_FT3309_Xa_Thanh_Pham_Sim_Active,FT3309_Xa_Thanh_Pham_Sim_Active
AI_FT3309_Xa_Thanh_Pham_Sim_Req,FT3309_Xa_Thanh_Pham_Sim_Req
AI_FT3309_Xa_Thanh_Pham_Use_HMI,FT3309_Xa_Thanh_Pham_Use_HMI
AI_FirstScan,FirstScan
AI_Gia_Lap_Heartbeat_Chay,Gia_Lap_Heartbeat_Chay
AI_Gia_Lap_Mat_Ket_Noi_HMI,Gia_Lap_Mat_Ket_Noi_HMI
AI_HMI_,HMI_
AI_HMI_Ack_Alarm,HMI_Ack_Alarm
AI_HMI_Admin_Login,HMI_Admin_Login
AI_HMI_Alarm_Status,HMI_Alarm_Status
AI_HMI_AnToan_Status,HMI_AnToan_Status
AI_HMI_Che_Do_Manual,HMI_Che_Do_Manual
AI_HMI_Cho_Phep_Sua_Thong_So,HMI_Cho_Phep_Sua_Thong_So
AI_HMI_Engineer_Login,HMI_Engineer_Login
AI_HMI_Load_Default_Recipe,HMI_Load_Default_Recipe
AI_HMI_Operator_Login,HMI_Operator_Login
AI_HMI_Reset_Alarm,HMI_Reset_Alarm
AI_HMI_Run_Enable,HMI_Run_Enable
AI_HMI_SP_,HMI_SP_
AI_HMI_SP_BonChua1_Nhiet_Giai_Nhiet,HMI_SP_BonChua1_Nhiet_Giai_Nhiet
AI_HMI_SP_Loc_Ap_Suat_Max,HMI_SP_Loc_Ap_Suat_Max
AI_HMI_SP_PLC1_Nhiet_Do_Bon2,HMI_SP_PLC1_Nhiet_Do_Bon2
AI_HMI_SP_PLC1_Nuoc_Bon1,HMI_SP_PLC1_Nuoc_Bon1
AI_HMI_SP_PLC1_Nuoc_Bon2,HMI_SP_PLC1_Nuoc_Bon2
AI_HMI_SP_PLC1_Toc_Do_Bon1,HMI_SP_PLC1_Toc_Do_Bon1
AI_HMI_SP_PLC1_Toc_Do_Bon2_Main,HMI_SP_PLC1_Toc_Do_Bon2_Main
AI_HMI_SP_PLC2_Nhiet_Do_Bon4,HMI_SP_PLC2_Nhiet_Do_Bon4
AI_HMI_SP_PLC2_Nuoc_Bon3,HMI_SP_PLC2_Nuoc_Bon3
AI_HMI_SP_PLC2_Nuoc_Bon4,HMI_SP_PLC2_Nuoc_Bon4
AI_HMI_SP_PLC2_Toc_Do_Bon3,HMI_SP_PLC2_Toc_Do_Bon3
AI_HMI_SP_PLC2_Toc_Do_Bon4_Main,HMI_SP_PLC2_Toc_Do_Bon4_Main
AI_HMI_SP_Time_Fwd,HMI_SP_Time_Fwd
AI_HMI_SP_Time_Khuay_,HMI_SP_Time_Khuay_
AI_HMI_SP_Time_Khuay_Bon1,HMI_SP_Time_Khuay_Bon1
AI_HMI_SP_Time_Khuay_Bon3,HMI_SP_Time_Khuay_Bon3
AI_HMI_SP_Time_Rev,HMI_SP_Time_Rev
AI_HMI_SP_Time_Sterilize,HMI_SP_Time_Sterilize
AI_HMI_Sim_Active_Warning,HMI_Sim_Active_Warning
AI_HMI_Sim_Mode,HMI_Sim_Mode
AI_HMI_Use_Sim_Input_BonChua,HMI_Use_Sim_Input_BonChua
AI_HMI_Use_Sim_Input_PLC1,HMI_Use_Sim_Input_PLC1
AI_HMI_Use_Sim_Input_PLC2,HMI_Use_Sim_Input_PLC2
AI_HMI_User_Level,HMI_User_Level
AI_Init_Defaults_Done_BonChua,Init_Defaults_Done_BonChua
AI_Init_Defaults_Done_PLC1,Init_Defaults_Done_PLC1
AI_Init_Defaults_Done_PLC2,Init_Defaults_Done_PLC2
AI_Init_Trigger_BonChua,Init_Trigger_BonChua
AI_Init_Trigger_PLC1,Init_Trigger_PLC1
AI_Init_Trigger_PLC2,Init_Trigger_PLC2
AI_LS3202_Bon1_Cao,LS3202_Bon1_Cao
AI_LS3202_Bon1_Cao_Eff,LS3202_Bon1_Cao_Eff
AI_LS3202_Bon1_Cao_HMI,LS3202_Bon1_Cao_HMI
AI_LS3202_Bon1_Cao_HMI_Gated,LS3202_Bon1_Cao_HMI_Gated
AI_LS3217_Bon4_Cao,LS3217_Bon4_Cao
AI_LS3217_Bon4_Cao_Eff,LS3217_Bon4_Cao_Eff
AI_LS3217_Bon4_Cao_HMI,LS3217_Bon4_Cao_HMI
AI_LS3217_Bon4_Cao_HMI_Gated,LS3217_Bon4_Cao_HMI_Gated
AI_LSH3310_Pheu_Cao,LSH3310_Pheu_Cao
AI_LSH3310_Pheu_Cao_Eff,LSH3310_Pheu_Cao_Eff
AI_LSH3310_Pheu_Cao_HMI,LSH3310_Pheu_Cao_HMI
AI_LSH3310_Pheu_Cao_HMI_Gated,LSH3310_Pheu_Cao_HMI_Gated
AI_LSL3311_Pheu_Thap,LSL3311_Pheu_Thap
AI_LSL3311_Pheu_Thap_Eff,LSL3311_Pheu_Thap_Eff
AI_LSL3311_Pheu_Thap_HMI,LSL3311_Pheu_Thap_HMI
AI_LSL3311_Pheu_Thap_HMI_Gated,LSL3311_Pheu_Thap_HMI_Gated
AI_LT3203_Bon1,LT3203_Bon1
AI_LT3203_Bon1_Eff,LT3203_Bon1_Eff
AI_LT3203_Bon1_HMI,LT3203_Bon1_HMI
AI_LT3203_Bon1_Sim_Active,LT3203_Bon1_Sim_Active
AI_LT3203_Bon1_Sim_Req,LT3203_Bon1_Sim_Req
AI_LT3203_Bon1_Use_HMI,LT3203_Bon1_Use_HMI
AI_LT3209_Bon2,LT3209_Bon2
AI_LT3209_Bon2_Eff,LT3209_Bon2_Eff
AI_LT3209_Bon2_HMI,LT3209_Bon2_HMI
AI_LT3209_Bon2_Sim_Active,LT3209_Bon2_Sim_Active
AI_LT3209_Bon2_Sim_Req,LT3209_Bon2_Sim_Req
AI_LT3209_Bon2_Use_HMI,LT3209_Bon2_Use_HMI
AI_LT3213_Bon3,LT3213_Bon3
AI_LT3213_Bon3_Eff,LT3213_Bon3_Eff
AI_LT3213_Bon3_HMI,LT3213_Bon3_HMI
AI_LT3213_Bon3_Sim_Active,LT3213_Bon3_Sim_Active
AI_LT3213_Bon3_Sim_Req,LT3213_Bon3_Sim_Req
AI_LT3213_Bon3_Use_HMI,LT3213_Bon3_Use_HMI
AI_LT3218_Bon4,LT3218_Bon4
AI_LT3218_Bon4_Eff,LT3218_Bon4_Eff
AI_LT3218_Bon4_HMI,LT3218_Bon4_HMI
AI_LT3218_Bon4_Sim_Active,LT3218_Bon4_Sim_Active
AI_LT3218_Bon4_Sim_Req,LT3218_Bon4_Sim_Req
AI_LT3218_Bon4_Use_HMI,LT3218_Bon4_Use_HMI
AI_LT3302_BonChua1,LT3302_BonChua1
AI_LT3302_BonChua1_Eff,LT3302_BonChua1_Eff
AI_LT3302_BonChua1_HMI,LT3302_BonChua1_HMI
AI_LT3302_BonChua1_Sim_Active,LT3302_BonChua1_Sim_Active
AI_LT3302_BonChua1_Sim_Req,LT3302_BonChua1_Sim_Req
AI_LT3302_BonChua1_Use_HMI,LT3302_BonChua1_Use_HMI
AI_LT3307_BonChua2,LT3307_BonChua2
AI_LT3307_BonChua2_Eff,LT3307_BonChua2_Eff
AI_LT3307_BonChua2_HMI,LT3307_BonChua2_HMI
AI_LT3307_BonChua2_Sim_Active,LT3307_BonChua2_Sim_Active
AI_LT3307_BonChua2_Sim_Req,LT3307_BonChua2_Sim_Req
AI_LT3307_BonChua2_Use_HMI,LT3307_BonChua2_Use_HMI
AI_MB_TCP_Any_Cmd_Edge,MB_TCP_Any_Cmd_Edge
AI_MB_TCP_BUSY,MB_TCP_BUSY
AI_MB_TCP_DONE,MB_TCP_DONE
AI_MB_TCP_DataAddr,MB_TCP_DataAddr
AI_MB_TCP_DataLen,MB_TCP_DataLen
AI_MB_TCP_ERROR,MB_TCP_ERROR
AI_MB_TCP_Mode,MB_TCP_Mode
AI_MB_TCP_REQ,MB_TCP_REQ
AI_MB_TCP_Read_Error,MB_TCP_Read_Error
AI_MB_TCP_STATUS,MB_TCP_STATUS
AI_MB_TCP_Server_DR,MB_TCP_Server_DR
AI_MB_TCP_Server_Error,MB_TCP_Server_Error
AI_MB_TCP_Server_NDR,MB_TCP_Server_NDR
AI_MB_TCP_Server_Status,MB_TCP_Server_Status
AI_MB_TCP_Write_Error,MB_TCP_Write_Error
AI_MB_TCP_iStep,MB_TCP_iStep
AI_Nut_Dung,Nut_Dung
AI_Nut_Dung_Eff,Nut_Dung_Eff
AI_Nut_Dung_Eff_Edge,Nut_Dung_Eff_Edge
AI_Nut_Dung_Eff_Old,Nut_Dung_Eff_Old
AI_Nut_Dung_HMI,Nut_Dung_HMI
AI_Nut_Dung_HMI_Gated,Nut_Dung_HMI_Gated
AI_Nut_Dung_Nhan,Nut_Dung_Nhan
AI_Nut_Dung_Nhan_Eff,Nut_Dung_Nhan_Eff
AI_Nut_Dung_Nhan_HMI,Nut_Dung_Nhan_HMI
AI_Nut_Dung_Nhan_HMI_Gated,Nut_Dung_Nhan_HMI_Gated
AI_Nut_EStop,Nut_EStop
AI_Nut_EStop_Eff,Nut_EStop_Eff
AI_Nut_EStop_Eff_Edge,Nut_EStop_Eff_Edge
AI_Nut_EStop_Eff_Old,Nut_EStop_Eff_Old
AI_Nut_EStop_HMI,Nut_EStop_HMI
AI_Nut_EStop_HMI_Gated,Nut_EStop_HMI_Gated
AI_Nut_EStop_Nhan,Nut_EStop_Nhan
AI_Nut_EStop_Nhan_Eff,Nut_EStop_Nhan_Eff
AI_Nut_EStop_Nhan_HMI,Nut_EStop_Nhan_HMI
AI_Nut_EStop_Nhan_HMI_Gated,Nut_EStop_Nhan_HMI_Gated
AI_Nut_Khoi_Dong,Nut_Khoi_Dong
AI_Nut_Khoi_Dong_Eff,Nut_Khoi_Dong_Eff
AI_Nut_Khoi_Dong_Eff_Edge,Nut_Khoi_Dong_Eff_Edge
AI_Nut_Khoi_Dong_Eff_Old,Nut_Khoi_Dong_Eff_Old
AI_Nut_Khoi_Dong_HMI,Nut_Khoi_Dong_HMI
AI_Nut_Khoi_Dong_HMI_Gated,Nut_Khoi_Dong_HMI_Gated
AI_Nut_Khoi_Dong_Nhan,Nut_Khoi_Dong_Nhan
AI_Nut_Khoi_Dong_Nhan_Eff,Nut_Khoi_Dong_Nhan_Eff
AI_Nut_Khoi_Dong_Nhan_HMI,Nut_Khoi_Dong_Nhan_HMI
AI_Nut_Khoi_Dong_Nhan_HMI_Gated,Nut_Khoi_Dong_Nhan_HMI_Gated
AI_Nut_Reset,Nut_Reset
AI_Nut_Reset_Eff,Nut_Reset_Eff
AI_Nut_Reset_Eff_Edge,Nut_Reset_Eff_Edge
AI_Nut_Reset_Eff_Old,Nut_Reset_Eff_Old
AI_Nut_Reset_HMI,Nut_Reset_HMI
AI_Nut_Reset_HMI_Gated,Nut_Reset_HMI_Gated
AI_Nut_Reset_Nhan,Nut_Reset_Nhan
AI_Nut_Reset_Nhan_Eff,Nut_Reset_Nhan_Eff
AI_Nut_Reset_Nhan_HMI,Nut_Reset_Nhan_HMI
AI_Nut_Reset_Nhan_HMI_Gated,Nut_Reset_Nhan_HMI_Gated
AI_PI3308_Truoc_Filter,PI3308_Truoc_Filter
AI_PI3308_Truoc_Filter_Eff,PI3308_Truoc_Filter_Eff
AI_PI3308_Truoc_Filter_HMI,PI3308_Truoc_Filter_HMI
AI_PI3308_Truoc_Filter_Sim_Active,PI3308_Truoc_Filter_Sim_Active
AI_PI3308_Truoc_Filter_Sim_Req,PI3308_Truoc_Filter_Sim_Req
AI_PI3308_Truoc_Filter_Use_HMI,PI3308_Truoc_Filter_Use_HMI
AI_PID_Bon2_,PID_Bon2_
AI_PID_Bon2_CV,PID_Bon2_CV
AI_PID_Bon2_Enable,PID_Bon2_Enable
AI_PID_Bon2_Err,PID_Bon2_Err
AI_PID_Bon2_Error,PID_Bon2_Error
AI_PID_Bon2_ErrorBits,PID_Bon2_ErrorBits
AI_PID_Bon2_Kp_HMI,PID_Bon2_Kp_HMI
AI_PID_Bon2_ManualEnable,PID_Bon2_ManualEnable
AI_PID_Bon2_ManualValue,PID_Bon2_ManualValue
AI_PID_Bon2_Reset_Eff,PID_Bon2_Reset_Eff
AI_PID_Bon2_SP,PID_Bon2_SP
AI_PID_Bon2_State,PID_Bon2_State
AI_PID_Bon2_Temp_Inc,PID_Bon2_Temp_Inc
AI_PID_Bon2_Ti_HMI,PID_Bon2_Ti_HMI
AI_PID_Bon4_,PID_Bon4_
AI_PID_Bon4_CV,PID_Bon4_CV
AI_PID_Bon4_CV_Recv,PID_Bon4_CV_Recv
AI_PID_Bon4_Enable,PID_Bon4_Enable
AI_PID_Bon4_Err,PID_Bon4_Err
AI_PID_Bon4_Error,PID_Bon4_Error
AI_PID_Bon4_ErrorBits,PID_Bon4_ErrorBits
AI_PID_Bon4_Kp_HMI,PID_Bon4_Kp_HMI
AI_PID_Bon4_ManualEnable,PID_Bon4_ManualEnable
AI_PID_Bon4_ManualValue,PID_Bon4_ManualValue
AI_PID_Bon4_PV_Recv,PID_Bon4_PV_Recv
AI_PID_Bon4_Reset_Eff,PID_Bon4_Reset_Eff
AI_PID_Bon4_SP,PID_Bon4_SP
AI_PID_Bon4_SP_Recv,PID_Bon4_SP_Recv
AI_PID_Bon4_Sim_Angle,PID_Bon4_Sim_Angle
AI_PID_Bon4_Sim_Counter,PID_Bon4_Sim_Counter
AI_PID_Bon4_Sim_Noise,PID_Bon4_Sim_Noise
AI_PID_Bon4_Sim_Sin,PID_Bon4_Sim_Sin
AI_PID_Bon4_State,PID_Bon4_State
AI_PID_Bon4_Tang_Nhiet_Buoc,PID_Bon4_Tang_Nhiet_Buoc
AI_PID_Bon4_Temp_Val_1,PID_Bon4_Temp_Val_1
AI_PID_Bon4_Temp_Val_2,PID_Bon4_Temp_Val_2
AI_PID_Bon4_Ti_HMI,PID_Bon4_Ti_HMI
AI_PID_Compact_1,PID_Compact_1
AI_PID_Compact_2,PID_Compact_2
AI_PLC1,PLC1
AI_PLC1_Auto_Enable,PLC1_Auto_Enable
AI_PLC1_EStop_Latch,PLC1_EStop_Latch
AI_PLC1_Heartbeat_Changed,PLC1_Heartbeat_Changed
AI_PLC1_Heartbeat_Last,PLC1_Heartbeat_Last
AI_PLC1_Heartbeat_Timeout,PLC1_Heartbeat_Timeout
AI_PLC1_Heartbeat_Timeout_Acc,PLC1_Heartbeat_Timeout_Acc
AI_PLC1_Khuay_Bon1_Xong,PLC1_Khuay_Bon1_Xong
AI_PLC1_Khuay_Bon1_Xong_HMI,PLC1_Khuay_Bon1_Xong_HMI
AI_PLC1_Khuay_Nghich_Bon2_Xong,PLC1_Khuay_Nghich_Bon2_Xong
AI_PLC1_Khuay_Nghich_Bon2_Xong_HMI,PLC1_Khuay_Nghich_Bon2_Xong_HMI
AI_PLC1_Khuay_Thuan_Bon2_Xong,PLC1_Khuay_Thuan_Bon2_Xong
AI_PLC1_Khuay_Thuan_Bon2_Xong_HMI,PLC1_Khuay_Thuan_Bon2_Xong_HMI
AI_PLC1_Load_Default_Cmd,PLC1_Load_Default_Cmd
AI_PLC1_Load_Default_Cmd_Edge,PLC1_Load_Default_Cmd_Edge
AI_PLC1_Load_Default_Cmd_M,PLC1_Load_Default_Cmd_M
AI_PLC1_Load_Default_Cmd_Old,PLC1_Load_Default_Cmd_Old
AI_PLC1_Load_Default_Done_Nhan,PLC1_Load_Default_Done_Nhan
AI_PLC1_Load_Default_Done_Nhan_Eff,PLC1_Load_Default_Done_Nhan_Eff
AI_PLC1_Load_Default_Done_Nhan_HMI,PLC1_Load_Default_Done_Nhan_HMI
AI_PLC1_Load_Default_Done_Nhan_HMI_Gated,PLC1_Load_Default_Done_Nhan_HMI_Gated
AI_PLC1_Loi_Dosing,PLC1_Loi_Dosing
AI_PLC1_Loi_Dry_Run,PLC1_Loi_Dry_Run
AI_PLC1_Loi_Setpoint,PLC1_Loi_Setpoint
AI_PLC1_Loi_Tong,PLC1_Loi_Tong
AI_PLC1_Loi_Truyen_Thong,PLC1_Loi_Truyen_Thong
AI_PLC1_Me_Nhanh1_Hoan_Thanh,PLC1_Me_Nhanh1_Hoan_Thanh
AI_PLC1_SP_Valid,PLC1_SP_Valid
AI_PLC1_Start_Edge_Edge,PLC1_Start_Edge_Edge
AI_PLC1_Start_Edge_Old,PLC1_Start_Edge_Old
AI_PLC1_State,PLC1_State
AI_PLC1_Step_Bon1_Dosing,PLC1_Step_Bon1_Dosing
AI_PLC1_Step_Bon1_Khuay,PLC1_Step_Bon1_Khuay
AI_PLC1_Step_Bon1_Tip,PLC1_Step_Bon1_Tip
AI_PLC1_Step_Bon1_Xa,PLC1_Step_Bon1_Xa
AI_PLC1_Step_Bon2_Dosing,PLC1_Step_Bon2_Dosing
AI_PLC1_Step_Bon2_Khuay_Nghich,PLC1_Step_Bon2_Khuay_Nghich
AI_PLC1_Step_Bon2_Khuay_Thuan,PLC1_Step_Bon2_Khuay_Thuan
AI_PLC1_Step_Bon2_PID,PLC1_Step_Bon2_PID
AI_PLC1_Step_Bon2_Thanh_Trung,PLC1_Step_Bon2_Thanh_Trung
AI_PLC1_Step_Bon2_Tip,PLC1_Step_Bon2_Tip
AI_PLC1_Stop_Active,PLC1_Stop_Active
AI_PLC1_Thanh_Trung_Bon2_Xong,PLC1_Thanh_Trung_Bon2_Xong
AI_PLC1_Thanh_Trung_Bon2_Xong_HMI,PLC1_Thanh_Trung_Bon2_Xong_HMI
AI_PLC1_Tip_Bon1_Auto_Done,PLC1_Tip_Bon1_Auto_Done
AI_PLC1_Tip_Bon1_Timer,PLC1_Tip_Bon1_Timer
AI_PLC1_Tip_Bon1_Xong_HMI,PLC1_Tip_Bon1_Xong_HMI
AI_PLC1_Tip_Bon2_Auto_Done,PLC1_Tip_Bon2_Auto_Done
AI_PLC1_Tip_Bon2_Timer,PLC1_Tip_Bon2_Timer
AI_PLC1_Tip_Bon2_Xong_HMI,PLC1_Tip_Bon2_Xong_HMI
AI_PLC1_Xa_Bon1_Xong,PLC1_Xa_Bon1_Xong
AI_PLC1_Xa_Bon2_Xong,PLC1_Xa_Bon2_Xong
AI_PLC1_Xa_Bon2_Xong_HMI,PLC1_Xa_Bon2_Xong_HMI
AI_PLC2,PLC2
AI_PLC2_Auto_Enable,PLC2_Auto_Enable
AI_PLC2_CmdSeq_New,PLC2_CmdSeq_New
AI_PLC2_EStop_Latch,PLC2_EStop_Latch
AI_PLC2_Heartbeat_Changed,PLC2_Heartbeat_Changed
AI_PLC2_Heartbeat_Last,PLC2_Heartbeat_Last
AI_PLC2_Heartbeat_Timeout,PLC2_Heartbeat_Timeout
AI_PLC2_Heartbeat_Timeout_Acc,PLC2_Heartbeat_Timeout_Acc
AI_PLC2_Khuay_Bon3_Xong,PLC2_Khuay_Bon3_Xong
AI_PLC2_Khuay_Bon3_Xong_HMI,PLC2_Khuay_Bon3_Xong_HMI
AI_PLC2_Khuay_Nghich_Bon4_Xong,PLC2_Khuay_Nghich_Bon4_Xong
AI_PLC2_Khuay_Nghich_Bon4_Xong_HMI,PLC2_Khuay_Nghich_Bon4_Xong_HMI
AI_PLC2_Khuay_Thuan_Bon4_Xong,PLC2_Khuay_Thuan_Bon4_Xong
AI_PLC2_Khuay_Thuan_Bon4_Xong_HMI,PLC2_Khuay_Thuan_Bon4_Xong_HMI
AI_PLC2_Last_CmdSeq,PLC2_Last_CmdSeq
AI_PLC2_Load_Default_Cmd_Nhan,PLC2_Load_Default_Cmd_Nhan
AI_PLC2_Load_Default_Cmd_Nhan_Eff,PLC2_Load_Default_Cmd_Nhan_Eff
AI_PLC2_Load_Default_Cmd_Nhan_HMI,PLC2_Load_Default_Cmd_Nhan_HMI
AI_PLC2_Load_Default_Cmd_Nhan_HMI_Gated,PLC2_Load_Default_Cmd_Nhan_HMI_Gated
AI_PLC2_Load_Default_Done,PLC2_Load_Default_Done
AI_PLC2_Load_Default_Done_M,PLC2_Load_Default_Done_M
AI_PLC2_Loi_Dosing,PLC2_Loi_Dosing
AI_PLC2_Loi_Dry_Run,PLC2_Loi_Dry_Run
AI_PLC2_Loi_Setpoint,PLC2_Loi_Setpoint
AI_PLC2_Loi_Tong,PLC2_Loi_Tong
AI_PLC2_Loi_Tong_Recv,PLC2_Loi_Tong_Recv
AI_PLC2_Loi_Truyen_Thong,PLC2_Loi_Truyen_Thong
AI_PLC2_Me_Nhanh2_Hoan_Thanh,PLC2_Me_Nhanh2_Hoan_Thanh
AI_PLC2_Me_Nhanh2_Hoan_Thanh_M,PLC2_Me_Nhanh2_Hoan_Thanh_M
AI_PLC2_Me_Nhanh2_Hoan_Thanh_Nhan,PLC2_Me_Nhanh2_Hoan_Thanh_Nhan
AI_PLC2_Me_Nhanh2_Hoan_Thanh_Nhan_Eff,PLC2_Me_Nhanh2_Hoan_Thanh_Nhan_Eff
AI_PLC2_Me_Nhanh2_Hoan_Thanh_Nhan_HMI,PLC2_Me_Nhanh2_Hoan_Thanh_Nhan_HMI
AI_PLC2_Me_Nhanh2_Hoan_Thanh_Nhan_HMI_Gated,PLC2_Me_Nhanh2_Hoan_Thanh_Nhan_HMI_Gated
AI_PLC2_SP_Valid,PLC2_SP_Valid
AI_PLC2_Start_Edge_Edge,PLC2_Start_Edge_Edge
AI_PLC2_Start_Edge_Old,PLC2_Start_Edge_Old
AI_PLC2_State,PLC2_State
AI_PLC2_State_Recv,PLC2_State_Recv
AI_PLC2_Step_Bon3_Dosing,PLC2_Step_Bon3_Dosing
AI_PLC2_Step_Bon3_Khuay,PLC2_Step_Bon3_Khuay
AI_PLC2_Step_Bon3_Tip,PLC2_Step_Bon3_Tip
AI_PLC2_Step_Bon3_Xa,PLC2_Step_Bon3_Xa
AI_PLC2_Step_Bon4_Dosing,PLC2_Step_Bon4_Dosing
AI_PLC2_Step_Bon4_Khuay_Nghich,PLC2_Step_Bon4_Khuay_Nghich
AI_PLC2_Step_Bon4_Khuay_Thuan,PLC2_Step_Bon4_Khuay_Thuan
AI_PLC2_Step_Bon4_PID_Mo_Phong,PLC2_Step_Bon4_PID_Mo_Phong
AI_PLC2_Step_Bon4_Thanh_Trung,PLC2_Step_Bon4_Thanh_Trung
AI_PLC2_Step_Bon4_Tip,PLC2_Step_Bon4_Tip
AI_PLC2_Stop_Active,PLC2_Stop_Active
AI_PLC2_Thanh_Trung_Bon4_Xong,PLC2_Thanh_Trung_Bon4_Xong
AI_PLC2_Thanh_Trung_Bon4_Xong_HMI,PLC2_Thanh_Trung_Bon4_Xong_HMI
AI_PLC2_Tip_Bon3_Auto_Done,PLC2_Tip_Bon3_Auto_Done
AI_PLC2_Tip_Bon3_Timer,PLC2_Tip_Bon3_Timer
AI_PLC2_Tip_Bon3_Xong_HMI,PLC2_Tip_Bon3_Xong_HMI
AI_PLC2_Tip_Bon4_Auto_Done,PLC2_Tip_Bon4_Auto_Done
AI_PLC2_Tip_Bon4_Timer,PLC2_Tip_Bon4_Timer
AI_PLC2_Tip_Bon4_Xong_HMI,PLC2_Tip_Bon4_Xong_HMI
AI_PLC2_Xa_Bon3_Xong,PLC2_Xa_Bon3_Xong
AI_PLC2_Xa_Bon4_Xong,PLC2_Xa_Bon4_Xong
AI_PLC2_Xa_Bon4_Xong_HMI,PLC2_Xa_Bon4_Xong_HMI
AI_PLC2_Xa_Bon4_Xong_Nhan,PLC2_Xa_Bon4_Xong_Nhan
AI_Pump3264_Chuyen_Nhanh1,Pump3264_Chuyen_Nhanh1
AI_Pump3264_Chuyen_Nhanh1_M,Pump3264_Chuyen_Nhanh1_M
AI_Pump3265_Chuyen_Nhanh2,Pump3265_Chuyen_Nhanh2
AI_Pump3265_Chuyen_Nhanh2_Cmd,Pump3265_Chuyen_Nhanh2_Cmd
AI_Pump3265_Chuyen_Nhanh2_Cmd_Edge,Pump3265_Chuyen_Nhanh2_Cmd_Edge
AI_Pump3265_Chuyen_Nhanh2_Cmd_M,Pump3265_Chuyen_Nhanh2_Cmd_M
AI_Pump3265_Chuyen_Nhanh2_Cmd_Nhan,Pump3265_Chuyen_Nhanh2_Cmd_Nhan
AI_Pump3265_Chuyen_Nhanh2_Cmd_Nhan_Eff,Pump3265_Chuyen_Nhanh2_Cmd_Nhan_Eff
AI_Pump3265_Chuyen_Nhanh2_Cmd_Nhan_HMI,Pump3265_Chuyen_Nhanh2_Cmd_Nhan_HMI
AI_Pump3265_Chuyen_Nhanh2_Cmd_Nhan_HMI_Gated,Pump3265_Chuyen_Nhanh2_Cmd_Nhan_HMI_Gated
AI_Pump3265_Chuyen_Nhanh2_Cmd_Old,Pump3265_Chuyen_Nhanh2_Cmd_Old
AI_Pump3265_Chuyen_Nhanh2_M,Pump3265_Chuyen_Nhanh2_M
AI_Pump3361_LuanChuyen_BonChua1,Pump3361_LuanChuyen_BonChua1
AI_Pump3361_LuanChuyen_BonChua1_M,Pump3361_LuanChuyen_BonChua1_M
AI_Pump3362_Xa_BonChua1,Pump3362_Xa_BonChua1
AI_Pump3362_Xa_BonChua1_M,Pump3362_Xa_BonChua1_M
AI_Pump3364_Filter,Pump3364_Filter
AI_Pump3364_Filter_M,Pump3364_Filter_M
AI_Pump3365_Filter,Pump3365_Filter
AI_Pump3365_Filter_M,Pump3365_Filter_M
AI_System_Mode_,System_Mode_
AI_System_Mode_Real,System_Mode_Real
AI_System_Mode_Sim,System_Mode_Sim
AI_TT3204_Bon1,TT3204_Bon1
AI_TT3204_Bon1_Eff,TT3204_Bon1_Eff
AI_TT3204_Bon1_HMI,TT3204_Bon1_HMI
AI_TT3204_Bon1_Sim_Active,TT3204_Bon1_Sim_Active
AI_TT3204_Bon1_Sim_Req,TT3204_Bon1_Sim_Req
AI_TT3204_Bon1_Use_HMI,TT3204_Bon1_Use_HMI
AI_TT3208_Bon2,TT3208_Bon2
AI_TT3208_Bon2_Eff,TT3208_Bon2_Eff
AI_TT3208_Bon2_HMI,TT3208_Bon2_HMI
AI_TT3208_Bon2_Sim_Active,TT3208_Bon2_Sim_Active
AI_TT3208_Bon2_Sim_Req,TT3208_Bon2_Sim_Req
AI_TT3208_Bon2_Use_HMI,TT3208_Bon2_Use_HMI
AI_TT3214_Bon3,TT3214_Bon3
AI_TT3214_Bon3_Eff,TT3214_Bon3_Eff
AI_TT3214_Bon3_HMI,TT3214_Bon3_HMI
AI_TT3214_Bon3_Sim_Active,TT3214_Bon3_Sim_Active
AI_TT3214_Bon3_Sim_Req,TT3214_Bon3_Sim_Req
AI_TT3214_Bon3_Use_HMI,TT3214_Bon3_Use_HMI
AI_TT3219_Bon4,TT3219_Bon4
AI_TT3219_Bon4_Eff,TT3219_Bon4_Eff
AI_TT3219_Bon4_HMI,TT3219_Bon4_HMI
AI_TT3219_Bon4_Sim,TT3219_Bon4_Sim
AI_TT3219_Bon4_Sim_Active,TT3219_Bon4_Sim_Active
AI_TT3219_Bon4_Sim_Pure,TT3219_Bon4_Sim_Pure
AI_TT3219_Bon4_Sim_Req,TT3219_Bon4_Sim_Req
AI_TT3219_Bon4_Target,TT3219_Bon4_Target
AI_TT3219_Bon4_Use_HMI,TT3219_Bon4_Use_HMI
AI_TT3301_BonChua1,TT3301_BonChua1
AI_TT3301_BonChua1_Eff,TT3301_BonChua1_Eff
AI_TT3301_BonChua1_HMI,TT3301_BonChua1_HMI
AI_TT3301_BonChua1_Sim_Active,TT3301_BonChua1_Sim_Active
AI_TT3301_BonChua1_Sim_Req,TT3301_BonChua1_Sim_Req
AI_TT3301_BonChua1_Use_HMI,TT3301_BonChua1_Use_HMI
AI_TT3303_TraoDoiNhiet,TT3303_TraoDoiNhiet
AI_TT3303_TraoDoiNhiet_Eff,TT3303_TraoDoiNhiet_Eff
AI_TT3303_TraoDoiNhiet_HMI,TT3303_TraoDoiNhiet_HMI
AI_TT3303_TraoDoiNhiet_Sim_Active,TT3303_TraoDoiNhiet_Sim_Active
AI_TT3303_TraoDoiNhiet_Sim_Req,TT3303_TraoDoiNhiet_Sim_Req
AI_TT3303_TraoDoiNhiet_Use_HMI,TT3303_TraoDoiNhiet_Use_HMI
AI_TT3306_BonChua2,TT3306_BonChua2
AI_TT3306_BonChua2_Eff,TT3306_BonChua2_Eff
AI_TT3306_BonChua2_HMI,TT3306_BonChua2_HMI
AI_TT3306_BonChua2_Sim_Active,TT3306_BonChua2_Sim_Active
AI_TT3306_BonChua2_Sim_Req,TT3306_BonChua2_Sim_Req
AI_TT3306_BonChua2_Use_HMI,TT3306_BonChua2_Use_HMI
AI_Tags,PLC_Tags
AI_Tags_PLC1,PLC_Tags_PLC1
AI_Tags_PLC2,PLC_Tags_PLC2
AI_Timer_Dosing_Bon1,Timer_Dosing_Bon1
AI_Timer_Dosing_Bon2,Timer_Dosing_Bon2
AI_Timer_Dosing_Bon3,Timer_Dosing_Bon3
AI_Timer_Dosing_Bon4,Timer_Dosing_Bon4
AI_Timer_DryRun_Bon2,Timer_DryRun_Bon2
AI_Timer_DryRun_Bon4,Timer_DryRun_Bon4
AI_Timer_Heartbeat_PLC1,Timer_Heartbeat_PLC1
AI_Timer_Heartbeat_PLC2,Timer_Heartbeat_PLC2
AI_Timer_Khuay_Bon1,Timer_Khuay_Bon1
AI_Timer_Khuay_Bon3,Timer_Khuay_Bon3
AI_Timer_Khuay_Nghich_Bon2,Timer_Khuay_Nghich_Bon2
AI_Timer_Khuay_Nghich_Bon4,Timer_Khuay_Nghich_Bon4
AI_Timer_Khuay_Thuan_Bon2,Timer_Khuay_Thuan_Bon2
AI_Timer_Khuay_Thuan_Bon4,Timer_Khuay_Thuan_Bon4
AI_Timer_Thanh_Trung_Bon2,Timer_Thanh_Trung_Bon2
AI_Timer_Thanh_Trung_Bon4,Timer_Thanh_Trung_Bon4
AI_Timer_Tip_Bon1,Timer_Tip_Bon1
AI_Timer_Tip_Bon2,Timer_Tip_Bon2
AI_Timer_Tip_Bon3,Timer_Tip_Bon3
AI_Timer_Tip_Bon4,Timer_Tip_Bon4
AI_Timers_PLC1,Timers_PLC1
AI_Timers_PLC2,Timers_PLC2
AI_V3230_Nuoc_Bon1,V3230_Nuoc_Bon1
AI_V3230_Nuoc_Bon1_M,V3230_Nuoc_Bon1_M
AI_V3232_Xa_Bon1,V3232_Xa_Bon1
AI_V3232_Xa_Bon1_M,V3232_Xa_Bon1_M
AI_V3233_Xa_Bon1,V3233_Xa_Bon1
AI_V3233_Xa_Bon1_M,V3233_Xa_Bon1_M
AI_V3234_Xa_Bon1,V3234_Xa_Bon1
AI_V3234_Xa_Bon1_M,V3234_Xa_Bon1_M
AI_V3235_Nuoc_Bon2,V3235_Nuoc_Bon2
AI_V3235_Nuoc_Bon2_M,V3235_Nuoc_Bon2_M
AI_V3237_Xa_Bon2,V3237_Xa_Bon2
AI_V3237_Xa_Bon2_M,V3237_Xa_Bon2_M
AI_V3238_Xa_Bon2,V3238_Xa_Bon2
AI_V3238_Xa_Bon2_M,V3238_Xa_Bon2_M
AI_V3239_Xa_Bon2,V3239_Xa_Bon2
AI_V3239_Xa_Bon2_M,V3239_Xa_Bon2_M
AI_V3240_Nuoc_Bon3,V3240_Nuoc_Bon3
AI_V3240_Nuoc_Bon3_M,V3240_Nuoc_Bon3_M
AI_V3242_Xa_Bon3,V3242_Xa_Bon3
AI_V3242_Xa_Bon3_M,V3242_Xa_Bon3_M
AI_V3243_Xa_Bon3,V3243_Xa_Bon3
AI_V3243_Xa_Bon3_M,V3243_Xa_Bon3_M
AI_V3244_Xa_Bon3,V3244_Xa_Bon3
AI_V3244_Xa_Bon3_M,V3244_Xa_Bon3_M
AI_V3245_Nuoc_Bon4,V3245_Nuoc_Bon4
AI_V3245_Nuoc_Bon4_M,V3245_Nuoc_Bon4_M
AI_V3247_Xa_Bon4,V3247_Xa_Bon4
AI_V3247_Xa_Bon4_M,V3247_Xa_Bon4_M
AI_V3248_Xa_Bon4,V3248_Xa_Bon4
AI_V3248_Xa_Bon4_M,V3248_Xa_Bon4_M
AI_V3249_Xa_Bon4,V3249_Xa_Bon4
AI_V3249_Xa_Bon4_M,V3249_Xa_Bon4_M
AI_V3331_Xa_BonChua1,V3331_Xa_BonChua1
AI_V3331_Xa_BonChua1_M,V3331_Xa_BonChua1_M
AI_V3332_Xa_BonChua1,V3332_Xa_BonChua1
AI_V3332_Xa_BonChua1_M,V3332_Xa_BonChua1_M
AI_V3333_DieuHuong_BonChua1,V3333_DieuHuong_BonChua1
AI_V3333_DieuHuong_BonChua1_M,V3333_DieuHuong_BonChua1_M
AI_V3334_DieuHuong_BonChua1,V3334_DieuHuong_BonChua1
AI_V3334_DieuHuong_BonChua1_M,V3334_DieuHuong_BonChua1_M
AI_V3335_DieuHuong_BonChua1,V3335_DieuHuong_BonChua1
AI_V3335_DieuHuong_BonChua1_M,V3335_DieuHuong_BonChua1_M
AI_V3338_Xa_BonChua2,V3338_Xa_BonChua2
AI_V3338_Xa_BonChua2_M,V3338_Xa_BonChua2_M
AI_V3339_Xa_BonChua2,V3339_Xa_BonChua2
AI_V3339_Xa_BonChua2_M,V3339_Xa_BonChua2_M
AI_V3340_Duong_Filter,V3340_Duong_Filter
AI_V3340_Duong_Filter_M,V3340_Duong_Filter_M
AI_V3341_Duong_Filter,V3341_Duong_Filter
AI_V3341_Duong_Filter_M,V3341_Duong_Filter_M
AI_VFD_Bon2_Actual_Speed_Feedback,VFD_Bon2_Actual_Speed_Feedback
AI_VFD_Bon2_Actual_Speed_Feedback_M,VFD_Bon2_Actual_Speed_Feedback_M
AI_VFD_Bon2_Dao_Chieu,VFD_Bon2_Dao_Chieu
AI_VFD_Bon2_Dao_Chieu_M,VFD_Bon2_Dao_Chieu_M
AI_VFD_Bon2_Freq_Temp,VFD_Bon2_Freq_Temp
AI_VFD_Bon2_Khuay_Active,VFD_Bon2_Khuay_Active
AI_VFD_Bon2_MBCL_Done,VFD_Bon2_MBCL_Done
AI_VFD_Bon2_MBCL_Error,VFD_Bon2_MBCL_Error
AI_VFD_Bon2_MBCL_Status,VFD_Bon2_MBCL_Status
AI_VFD_Bon2_MB_ActualSpeed,VFD_Bon2_MB_FreqActual
AI_VFD_Bon2_MB_Busy,VFD_Bon2_MB_Busy
AI_VFD_Bon2_MB_ControlWord,VFD_Bon2_MB_ControlWord
AI_VFD_Bon2_MB_Counter,VFD_Bon2_MB_Counter
AI_VFD_Bon2_MB_DataAddr,VFD_Bon2_MB_DataAddr
AI_VFD_Bon2_MB_DataBuffer,VFD_Bon2_MB_DataBuffer
AI_VFD_Bon2_MB_DataLen,VFD_Bon2_MB_DataLen
AI_VFD_Bon2_MB_Done,VFD_Bon2_MB_Done
AI_VFD_Bon2_MB_Error,VFD_Bon2_MB_Error
AI_VFD_Bon2_MB_FreqSetpoint,VFD_Bon2_MB_FreqSetpoint
AI_VFD_Bon2_MB_Mode,VFD_Bon2_MB_Mode
AI_VFD_Bon2_MB_Req,VFD_Bon2_MB_Req
AI_VFD_Bon2_MB_Status,VFD_Bon2_MB_Status
AI_VFD_Bon2_MB_StatusWord,VFD_Bon2_MB_StatusWord
AI_VFD_Bon2_Run,VFD_Bon2_Run
AI_VFD_Bon2_Run_M,VFD_Bon2_Run_M
AI_VFD_Bon2_Should_Run,VFD_Bon2_Should_Run
AI_VFD_Bon2_Step0_Req,VFD_Bon2_Step0_Req
AI_VFD_Bon2_Step1_Req,VFD_Bon2_Step1_Req
AI_VFD_Bon2_Step2_Req,VFD_Bon2_Step2_Req
AI_VFD_Bon2_Step3_Req,VFD_Bon2_Step3_Req
AI_VFD_Bon2_Toc_Do_AO,VFD_Bon2_Toc_Do_AO
AI_VFD_Bon2_Toc_Do_AO_M,VFD_Bon2_Toc_Do_AO_M
AI_VFD_Bon2_iStep,VFD_Bon2_iStep
AI_VFD_Bon2_iStep_Reset,VFD_Bon2_iStep_Reset
GIO_Bon1_MucDich,HMI_Anim_Bon1_MucDich
GIO_Bon2_MucDich,HMI_Anim_Bon2_MucDich
GIO_Bon3_MucDich,HMI_Anim_Bon3_MucDich
GIO_Bon4_MucDich,HMI_Anim_Bon4_MucDich
GIO_BonChua1_MucDich,HMI_Anim_BonChua1_MucDich
GIO_BonChua2_MucDich,HMI_Anim_BonChua2_MucDich
