ScreenName,ObjectType,ObjectName,Left,Top,Width,Height,ProposedTag,PLC_Owner,Connection,DataType,FormatPattern,ProposedMode,NearestLabel,UnitLabelAligned
bon_tron_1,SymbolLibrary,Symbol library_2,110,205,41,36,HMI_Anim_Bon1_Frame,PLC1,HMI_Connection_1,Int,N/A,Output,Direct ObjectName mapping,N/A
bon_tron_1,SymbolLibrary,Symbol library_5,335,195,14,106,HMI_Anim_Bon1_MucDich,PLC1,HMI_Connection_1,Int,N/A,Output,Direct ObjectName mapping,N/A
bon_tron_1,SymbolLibrary,Symbol library_9,157,528,14,106,V3233_Xa_Bon1,PLC1,HMI_Connection_1,Bool,N/A,Output,Direct ObjectName mapping,N/A
bon_tron_1,SymbolLibrary,Symbol library_11,154,458,41,36,V3232_Xa_Bon1,PLC1,HMI_Connection_1,Bool,N/A,Output,Direct ObjectName mapping,N/A
bon_tron_1,SymbolLibrary,Symbol library_16,408,650,34,21,Pump3264_Chuyen_Nhanh1,PLC1,HMI_Connection_1,Bool,N/A,Output,Direct ObjectName mapping,N/A
bon_tron_1,IOField,I/O field_1,576,518,67,28,HMI_SP_Time_Khuay_Bon1,PLC1,HMI_Connection_1,Time,9999,Input/output,Direct ObjectName mapping,None
bon_tron_1,IOField,I/O field_8,358,169,58,26,CV3201_Nuoc_Bon1_M,PLC1,HMI_Connection_1,Real,999.9,Output,Direct ObjectName mapping,None
bon_tron_1,IOField,I/O field_9,212,94,87,42,FQ3200_Bon1_Eff,PLC1,HMI_Connection_1,Real,999.9,Output,Direct ObjectName mapping,None
bon_tron_1,IOField,I/O field_11,536,324,87,42,GIA_TRI_NHIET_DO_DOC_VE,PLC1,HMI_Connection_1,Real,999.9,Output,Direct ObjectName mapping,None
bon_tron_1,IOField,I/O field_12,198,331,58,26,LT3203_Bon1_Eff,PLC1,HMI_Connection_1,Real,999.9,Output,Direct ObjectName mapping,"Text field_9 ('L') aligned to Left=264, 13 Bold"
bon_tron_1,IOField,I/O field_13,198,384,58,26,TT3204_Bon1_Eff,PLC1,HMI_Connection_1,Real,999.9,Output,Direct ObjectName mapping,None
bon_tron_1,IOField,I/O field_4,1,191,67,28,nguyen_lieu_tron_1,PLC1,HMI_Connection_1,Bool,1,Output,Direct ObjectName mapping,None
bon_tron_1,IOField,I/O field_6,1,241,67,28,cap_nuoc_tron_1,PLC1,HMI_Connection_1,Bool,1,Output,Direct ObjectName mapping,None
bon_tron_1,SymbolLibrary,Symbol library_4,156,549,41,36,V3234_Xa_Bon1,PLC1,HMI_Connection_1,Bool,N/A,Output,Direct ObjectName mapping,N/A
bon_tron_1,IOField,I/O field_7,752,553,87,42,HMI_SP_PLC1_Nuoc_Bon1,PLC1,HMI_Connection_1,Real,999.9,Input/output,Direct ObjectName mapping,None
bon_tron_2,SymbolLibrary,Symbol library_2,110,205,41,36,HMI_Anim_Bon2_Frame,PLC1,HMI_Connection_1,Int,N/A,Output,Direct ObjectName mapping,N/A
bon_tron_2,SymbolLibrary,Symbol library_56,190,153,21,34,V3235_Nuoc_Bon2,PLC1,HMI_Connection_1,Bool,N/A,Output,Direct ObjectName mapping,N/A
bon_tron_2,SymbolLibrary,Symbol library_5,335,195,14,106,HMI_Anim_Bon2_MucDich,PLC1,HMI_Connection_1,Int,N/A,Output,Direct ObjectName mapping,N/A
bon_tron_2,SymbolLibrary,Symbol library_9,157,528,14,106,V3238_Xa_Bon2,PLC1,HMI_Connection_1,Bool,N/A,Output,Direct ObjectName mapping,N/A
bon_tron_2,SymbolLibrary,Symbol library_11,154,458,41,36,V3237_Xa_Bon2,PLC1,HMI_Connection_1,Bool,N/A,Output,Direct ObjectName mapping,N/A
bon_tron_2,SymbolLibrary,Symbol library_14,186,653,218,13,V3239_Xa_Bon2,PLC1,HMI_Connection_1,Bool,N/A,Output,Direct ObjectName mapping,N/A
bon_tron_2,SymbolLibrary,Symbol library_16,408,650,34,21,Pump3264_Chuyen_Nhanh1,PLC1,HMI_Connection_1,Bool,N/A,Output,Direct ObjectName mapping,N/A
bon_tron_2,IOField,I/O field_1,576,518,67,28,HMI_SP_Time_Fwd,PLC1,HMI_Connection_1,Time,9999,Input/output,Direct ObjectName mapping,None
bon_tron_2,IOField,I/O field_2,577,553,67,28,HMI_SP_Time_Rev,PLC1,HMI_Connection_1,Time,9999,Input/output,Direct ObjectName mapping,None
bon_tron_2,IOField,I/O field_3,578,588,67,28,HMI_SP_Time_Sterilize,PLC1,HMI_Connection_1,Time,9999,Input/output,Direct ObjectName mapping,None
bon_tron_2,SymbolLibrary,Symbol library_17,329,157,21,34,CV3206_Hoi_Bon2_M,PLC1,HMI_Connection_1,Bool,N/A,Output,Direct ObjectName mapping,N/A
bon_tron_2,IOField,I/O field_8,358,169,58,26,CV3206_Hoi_Bon2_M,PLC1,HMI_Connection_1,Real,999.9,Output,Direct ObjectName mapping,None
bon_tron_2,IOField,I/O field_9,461,112,87,42,FQ3205_Bon2_Eff,PLC1,HMI_Connection_1,Real,999.9,Output,Direct ObjectName mapping,None
bon_tron_2,IOField,I/O field_11,536,324,87,42,GIA_TRI_NHIET_DO_DOC_VE,PLC1,HMI_Connection_1,Real,999.9,Output,Direct ObjectName mapping,None
bon_tron_2,IOField,I/O field_12,198,331,58,26,LT3209_Bon2_Eff,PLC1,HMI_Connection_1,Real,999.9,Output,Direct ObjectName mapping,"Text field_9 ('L') aligned to Left=264, 13 Bold"
bon_tron_2,IOField,I/O field_13,198,384,58,26,TT3208_Bon2_Eff,PLC1,HMI_Connection_1,Real,999.9,Output,Direct ObjectName mapping,None
bon_tron_2,IOField,I/O field_4,1,191,67,28,nguyen_lieu_tron_1,PLC1,HMI_Connection_1,Bool,1,Output,Direct ObjectName mapping,None
bon_tron_2,IOField,I/O field_6,1,241,67,28,cap_nuoc_tron_1,PLC1,HMI_Connection_1,Bool,1,Output,Direct ObjectName mapping,None
bon_tron_2,IOField,I/O field_5,474,395,41,26,HMI_SP_PLC1_Nhiet_Do_Bon2,PLC1,HMI_Connection_1,Real,999.9,Input/output,Direct ObjectName mapping,None
bon_tron_2,IOField,I/O field_7,536,230,87,42,HMI_SP_PLC1_Nuoc_Bon2,PLC1,HMI_Connection_1,Real,999.9,Input/output,Direct ObjectName mapping,None
bon_tron_3,SymbolLibrary,Symbol library_2,110,205,41,36,HMI_Anim_Bon3_Frame,PLC2,HMI_Connection_2,Int,N/A,Output,Direct ObjectName mapping,N/A
bon_tron_3,SymbolLibrary,Symbol library_5,335,195,14,106,HMI_Anim_Bon3_MucDich,PLC2,HMI_Connection_2,Int,N/A,Output,Direct ObjectName mapping,N/A
bon_tron_3,SymbolLibrary,Symbol library_9,157,528,14,106,V3243_Xa_Bon3,PLC2,HMI_Connection_2,Bool,N/A,Output,Direct ObjectName mapping,N/A
bon_tron_3,SymbolLibrary,Symbol library_11,154,458,41,36,V3242_Xa_Bon3,PLC2,HMI_Connection_2,Bool,N/A,Output,Direct ObjectName mapping,N/A
bon_tron_3,SymbolLibrary,Symbol library_16,408,650,34,21,Pump3265_Chuyen_Nhanh2,PLC2,HMI_Connection_2,Bool,N/A,Output,Direct ObjectName mapping,N/A
bon_tron_3,IOField,I/O field_1,576,518,67,28,HMI_SP_Time_Khuay_Bon3,PLC2,HMI_Connection_2,Time,9999,Input/output,Direct ObjectName mapping,None
bon_tron_3,IOField,I/O field_8,358,169,58,26,CV3211_Nuoc_Bon3_M,PLC2,HMI_Connection_2,Real,999.9,Output,Direct ObjectName mapping,None
bon_tron_3,IOField,I/O field_9,212,94,87,42,FQ3210_Bon3_Eff,PLC2,HMI_Connection_2,Real,999.9,Output,Direct ObjectName mapping,None
bon_tron_3,IOField,I/O field_11,536,324,87,42,GIA_TRI_NHIET_DO_DOC_VE,PLC2,HMI_Connection_2,Real,999.9,Output,Direct ObjectName mapping,None
bon_tron_3,IOField,I/O field_12,198,331,58,26,LT3213_Bon3_Eff,PLC2,HMI_Connection_2,Real,999.9,Output,Direct ObjectName mapping,"Text field_9 ('L') aligned to Left=264, 13 Bold"
bon_tron_3,IOField,I/O field_13,198,384,58,26,TT3214_Bon3_Eff,PLC2,HMI_Connection_2,Real,999.9,Output,Direct ObjectName mapping,None
bon_tron_3,IOField,I/O field_4,1,191,67,28,nguyen_lieu_tron_1,PLC2,HMI_Connection_2,Bool,1,Output,Direct ObjectName mapping,None
bon_tron_3,IOField,I/O field_6,1,241,67,28,cap_nuoc_tron_1,PLC2,HMI_Connection_2,Bool,1,Output,Direct ObjectName mapping,None
bon_tron_3,SymbolLibrary,Symbol library_4,156,549,41,36,V3244_Xa_Bon3,PLC2,HMI_Connection_2,Bool,N/A,Output,Direct ObjectName mapping,N/A
bon_tron_3,IOField,I/O field_7,516,220,87,42,HMI_SP_PLC2_Nuoc_Bon3,PLC2,HMI_Connection_2,Real,999.9,Input/output,Direct ObjectName mapping,None
bon_tron_4,SymbolLibrary,Symbol library_2,110,205,41,36,HMI_Anim_Bon4_Frame,PLC2,HMI_Connection_2,Int,N/A,Output,Direct ObjectName mapping,N/A
bon_tron_4,SymbolLibrary,Symbol library_56,190,153,21,34,V3245_Nuoc_Bon4,PLC2,HMI_Connection_2,Bool,N/A,Output,Direct ObjectName mapping,N/A
bon_tron_4,SymbolLibrary,Symbol library_5,335,195,14,106,HMI_Anim_Bon4_MucDich,PLC2,HMI_Connection_2,Int,N/A,Output,Direct ObjectName mapping,N/A
bon_tron_4,SymbolLibrary,Symbol library_9,157,528,14,106,V3248_Xa_Bon4,PLC2,HMI_Connection_2,Bool,N/A,Output,Direct ObjectName mapping,N/A
bon_tron_4,SymbolLibrary,Symbol library_11,154,458,41,36,V3247_Xa_Bon4,PLC2,HMI_Connection_2,Bool,N/A,Output,Direct ObjectName mapping,N/A
bon_tron_4,SymbolLibrary,Symbol library_14,186,653,218,13,V3249_Xa_Bon4,PLC2,HMI_Connection_2,Bool,N/A,Output,Direct ObjectName mapping,N/A
bon_tron_4,SymbolLibrary,Symbol library_16,408,650,34,21,Pump3265_Chuyen_Nhanh2,PLC2,HMI_Connection_2,Bool,N/A,Output,Direct ObjectName mapping,N/A
bon_tron_4,IOField,I/O field_1,576,518,67,28,HMI_SP_Time_Fwd,PLC2,HMI_Connection_2,Time,9999,Input/output,Direct ObjectName mapping,None
bon_tron_4,IOField,I/O field_2,577,553,67,28,HMI_SP_Time_Rev,PLC2,HMI_Connection_2,Time,9999,Input/output,Direct ObjectName mapping,None
bon_tron_4,IOField,I/O field_3,578,588,67,28,HMI_SP_Time_Sterilize,PLC2,HMI_Connection_2,Time,9999,Input/output,Direct ObjectName mapping,None
bon_tron_4,SymbolLibrary,Symbol library_17,329,157,21,34,CV3216_Hoi_Bon4_M,PLC2,HMI_Connection_2,Bool,N/A,Output,Direct ObjectName mapping,N/A
bon_tron_4,IOField,I/O field_8,358,169,58,26,CV3216_Hoi_Bon4_M,PLC2,HMI_Connection_2,Real,999.9,Output,Direct ObjectName mapping,None
bon_tron_4,IOField,I/O field_9,461,112,87,42,FQ3215_Bon4_Eff,PLC2,HMI_Connection_2,Real,999.9,Output,Direct ObjectName mapping,None
bon_tron_4,IOField,I/O field_11,536,324,87,42,GIA_TRI_NHIET_DO_DOC_VE,PLC2,HMI_Connection_2,Real,999.9,Output,Direct ObjectName mapping,None
bon_tron_4,IOField,I/O field_12,198,331,58,26,LT3218_Bon4_Eff,PLC2,HMI_Connection_2,Real,999.9,Output,Direct ObjectName mapping,"Text field_9 ('L') aligned to Left=264, 13 Bold"
bon_tron_4,IOField,I/O field_13,198,384,58,26,TT3219_Bon4_Eff,PLC2,HMI_Connection_2,Real,999.9,Output,Direct ObjectName mapping,None
bon_tron_4,IOField,I/O field_4,1,191,67,28,nguyen_lieu_tron_1,PLC2,HMI_Connection_2,Bool,1,Output,Direct ObjectName mapping,None
bon_tron_4,IOField,I/O field_6,1,241,67,28,cap_nuoc_tron_1,PLC2,HMI_Connection_2,Bool,1,Output,Direct ObjectName mapping,None
bon_tron_4,IOField,I/O field_5,474,395,41,26,HMI_SP_PLC2_Nhiet_Do_Bon4,PLC2,HMI_Connection_2,Real,999.9,Input/output,Direct ObjectName mapping,None
bon_tron_4,IOField,I/O field_7,536,230,87,42,HMI_SP_PLC2_Nuoc_Bon4,PLC2,HMI_Connection_2,Real,999.9,Input/output,Direct ObjectName mapping,None
